GivenName,Surname,StreetAddress,ZipCode,City,EmailAddress,TelephoneNumber,Birthday,Gender,Username,Password,Company
"Gerrie,""van Hamburg"",""Damvecht 180"",""1713 CT"",Obdam,GerrievanHamburg@jourrapide.com,06-26048385,5/10/1978,female,Difewore,Bo8ebobie,Handyman"
"Kenney,Kock,""Noordereinde 168"",""1243 JL"",s-Graveland,KenneyKock@jourrapide.com,06-50139664,3/4/1970,male,Insittlyse,Ra0leisha,""Pearl Architectural Design"""
"Sierd,Jessurun,""Gellikstraat 117"",""6215 JM"",Maastricht,SierdJessurun@teleworm.us,06-25873992,8/18/1940,male,Owery1940,SiuchaBi3cu,""Tam's Stationers"""
"Gertrude,Laverman,""Papaverstraat 102"",""7021 ZJ"",Zelhem,GertrudeLaverman@superrito.com,06-79360104,2/22/1966,female,Joincte,ipieS9Xee3,""Argus Tapes & Records"""
"Kader,Oost,""Plaspoelstraat 22"",""2265 XK"",Leidschendam,KaderOost@jourrapide.com,06-85151188,9/14/1937,female,Shabligne37,ud9ohW3aew8,""A+ Electronics"""
"Zeynep,Beemsterboer,""Kruislandseweg 9"",""4724 SM"",Wouw,ZeynepBeemsterboer@dayrep.com,06-25923859,3/6/1945,female,Libleat,nix2aR5ch,Martin's"
"Rajiv,Metten,""Hoekvensedreef 4"",""4722 SC"",Schijf,RajivMetten@cuvox.de,06-89973096,3/2/1955,male,Mazincusithe,uCh8vieroo,JumboSports"
"Clim,Relou,""De Krimpe 191"",""8375 JB"",Oldemarkt,ClimRelou@dayrep.com,06-11984864,5/4/1947,male,Foread,aiD3buqu9rie,Briazz"
"Geeta,Loeve,""Sint Annastraat 120"",""6524 ES"",Nijmegen,GeetaLoeve@rhyta.com,06-56432446,11/5/1999,female,Loosearrose99,shiSoogh5ah,""Asian Fusion"""
"Suleman,Veenstra,""Nachtegaallaan 9"",""3362 NK"",Sliedrecht,SulemanVeenstra@rhyta.com,06-39300942,10/14/1950,male,Pand1950,ki1Ri3quei,""Courtesy Hardware Store"""
"Yonna,Wagensveld,""Pastoor Bressersstraat 61"",""4901 HZ"",Oosterhout,YonnaWagensveld@rhyta.com,06-67699110,8/27/1958,female,Wasterbought1958,ieb3Eepee,""Mostow Co."""
"Ashvin,""van der Vleuten"",""Henri Bakkerstraat 40"",""5224 BE"",s-Hertogenbosch,AshvinvanderVleuten@dayrep.com,06-16277552,7/9/1947,male,Larmod,Iengiu5ai,""Kohl's Food Stores"""
"Batuhan,Wisselink,""Velpsestraat 36"",""2573 SN"",""Den Haag"",BatuhanWisselink@rhyta.com,06-58768803,2/21/1964,male,Feweed,Co1paig5s,""Carter's Foods"""
"Merlijn,Hoogeboom,""Lottinge 173"",""9481 GZ"",Vries,MerlijnHoogeboom@armyspy.com,06-67435555,12/4/1985,male,Feembirl,Ol4aivop6,""Office Warehouse"""
"Stephania,""van Vlerken"",""De Wildert 58"",""4631 MD"",Hoogerheide,StephaniavanVlerken@superrito.com,06-44887946,3/2/1995,female,Thore1995,pheibae9oGai,Chandler's"
"Josia,Willemsen,""De Jagerstraat 32"",""3022 VS"",Rotterdam,JosiaWillemsen@cuvox.de,06-47153985,1/4/1983,male,Reliblese,eo3Ahyo9,Tweeter"
"Ammar,Elstgeest,""Breebroek 55"",""5122 HH"",Rijen,AmmarElstgeest@rhyta.com,06-95190696,10/26/1941,male,Wasterip41,Aa2chooroun,""White Coffee Pot"""
"Natasja,Theunisz,""Notaris A.H. Agessingel 18"",""9965 RC"",Leens,NatasjaTheunisz@teleworm.us,06-16767315,8/12/1974,female,Amorepead,Sie0Theerur,""Block Distributors"""
"Mellany,Rondeel,""Nieuwlandsekruisweg 173"",""4691 PL"",Tholen,MellanyRondeel@teleworm.us,06-62128644,2/15/1945,female,Agetithas,uiGh1shie,""Family Toy"""
"Dyanne,""van Kommer"",""Boerderijweg 67"",""6089 NW"",Heibloem,DyannevanKommer@superrito.com,06-90444010,6/15/1949,female,Werhat,Ier1shei,""Red Owl"""
"Mouaad,""van Grol"",""Nieuwe Haagdijk 85"",""4811 TE"",Breda,MouaadvanGrol@armyspy.com,06-56067607,12/27/1949,male,Thement,yei6ahKeu,""Golf Augusta Pro Shops"""
"Tristen,Er,""Bobbenagelseweg 20"",""5491 VL"",Sint-Oedenrode,TristenEr@armyspy.com,06-30924008,8/16/1955,male,Plefulther,poowaiMoo7U,""Maxiserve """
"Siete,Hoogendam,""Rozemarijntuin 112"",""2353 PE"",Leiderdorp,SieteHoogendam@armyspy.com,06-25257255,9/21/1983,male,Capaincess1983,ohto6Iequ,""Pender's Food Stores"""
"Gwen,""van Amersfoort"",""Snelliusstraat 175"",""2517 RK"",""Den Haag"",GwenvanAmersfoort@dayrep.com,06-63572981,9/13/1972,male,Adezvot72,Shee4eic6u,Anderson-Little"
"Dounia,""van Dartel"",""Weidestraat 83"",""7321 AL"",Apeldoorn,DouniavanDartel@fleckens.hu,06-36789221,12/25/1993,female,Motifews93,ooYai4yee,""P. Samuels Men's Clothiers"""
"Hong,Korpel,""Nijverheidskade 122"",""3534 AZ"",Utrecht,HongKorpel@superrito.com,06-84911032,10/3/1973,male,Regive,yie1laeW,TheBottomHalf"
"Ylana,Makkinga,""Frederikstraat 88"",""5111 AT"",Baarle-Nassau,YlanaMakkinga@armyspy.com,06-14665808,3/22/1995,female,Foub1995,ooZ7the2ai,""Atlas Architectural Designs"""
"Kaz,Spronck,""Jan Palachstraat 151"",""5231 HW"",s-Hertogenbosch,KazSpronck@einrot.com,06-56520513,1/26/1959,male,Dang1959,aeD4eir9,Adaptaz"
"Dorianne,Brethouwer,""Martin Luther Kingplein 29"",""6161 HA"",Geleen,DorianneBrethouwer@einrot.com,06-81785549,9/19/1995,female,Anxiousele,shameiMe8J,""PriceRite Warehouse Club"""
"Janniek,Gaastra,""Lange Noordstraat 116"",""4331 CD"",Middelburg,JanniekGaastra@teleworm.us,06-11973092,11/30/1942,female,Shoul1942,Ii1kiesoovo9,""Action Auto"""
"Leon,Rijpstra,""Kerkdijk 175"",""8085 BE"",Doornspijk,LeonRijpstra@dayrep.com,06-74048883,12/16/1957,male,Pare1957,nuuw1Ooth,""Lawn N' Order Garden Care"""
"Azeddine,Schuringa,""Dolphijnstraat 16"",""5632 CZ"",Eindhoven,AzeddineSchuringa@rhyta.com,06-92258953,4/16/1960,male,Boartmed,gaiLa7Qu,Nobil"
"Agneta,Oudejans,""Eerste Helmersstraat 48"",""1054 DV"",Amsterdam,AgnetaOudejans@jourrapide.com,06-80694513,1/26/1940,female,Didne1940,keiLah9ch,""Laughner's Cafeteria"""
"Quinn,Rozendal,""Van Rechterenlaan 70"",""7742 XG"",Coevorden,QuinnRozendal@jourrapide.com,06-99398038,6/23/1998,male,Willond,aipei4Eedey,""Wells & Wade"""
"Calum,Gremmen,""Straat van Sicilië 9"",""1183 GL"",Amstelveen,CalumGremmen@armyspy.com,06-88256039,7/3/1995,male,Yesquir,cay1ooNg7,""Burger Chef"""
"Marith,Korporaal,""Urkhovenseweg 11"",""5641 KH"",Eindhoven,MarithKorporaal@armyspy.com,06-44224899,3/25/1945,female,Fixer1945,Yexazio3Eim,""Warner Brothers Studio Store"""
"Lubbertus,Flipse,""Stadwijkstraat 189"",""2251 TD"",Voorschoten,LubbertusFlipse@superrito.com,06-88639640,9/22/1954,male,Oldn1954,oJ4reegh7ch,""Great Clothes"""
"Gillian,Schaper,""Bertrandhof 133"",""5404 MC"",Uden,GillianSchaper@fleckens.hu,06-79776722,2/10/1978,male,Saggeent,Meu5giexepoo,Afforda"
"Boris,Mourits,""Saturnusstraat 56"",""8303 CG"",Emmeloord,BorisMourits@jourrapide.com,06-43561653,10/19/1972,male,Gailintence,eeXei8Pe,""Golden Dawn"""
"Stanislav,Kuijlaars,""Groenendaal 176"",""6715 BK"",Ede,StanislavKuijlaars@fleckens.hu,06-81535220,8/6/1948,male,Biterthus,Eiw3aivie,Strongbod"
"Ronin,""de Koning"",""Hugo Verrieststraat 183"",""2524 CB"",""Den Haag"",RonindeKoning@fleckens.hu,06-18755707,2/24/1957,male,Ineack,aifede0oVae,""H. J. Wilson & Company"""
"Maurits,Groothuis,""Feldmannweg 108"",""2628 KX"",Delft,MauritsGroothuis@gustr.com,06-36221552,7/2/1965,male,Betheraine,eehee6Eequah,""Pup 'N' Taco"""
"Ceyhun,Jeuring,""Heemstrasingel 137"",""9062 GH"",Oentsjerk,CeyhunJeuring@cuvox.de,06-31308363,3/27/1986,male,Afts1986,nooli8Eeyai,Widdmann"
"Said,Dursun,""Van Drielstlaan 73"",""9744 EP"",Groningen,SaidDursun@cuvox.de,06-48252101,8/20/1996,male,Foraver,Iehei5Zeit,Jafco"
"Bilaal,Klooster,""Hugo Thijssensplein 60"",""5741 GJ"",""Beek en Donk"",BilaalKlooster@gustr.com,06-11711459,9/22/1953,male,Loultorge1953,oR7Fohzaso,""Today's Man"""
"Emy,""de Hek"",""Grote Sloot 171"",""1751 LJ"",Schagerbrug,EmydeHek@fleckens.hu,06-26976154,10/26/1941,female,Youblicut,doH4wogh8m,""Baltimore Markets"""
"Juriaan,""de Louw"",""Sperwerlaan 160"",""3738 EL"",Maartensdijk,JuriaandeLouw@einrot.com,06-75484091,8/3/1979,male,Egge1979,booCh8eixei,""Landskip Yard Service"""
"Natasja,Stokkel,""Noard 184"",""8711 AH"",Workum,NatasjaStokkel@einrot.com,06-64693153,11/23/1987,female,Manoth,ooCi7dau4o,Maxaprofit"
"Tisha,Schoorlemmer,""Morksstraat 27"",""4331 RZ"",Middelburg,TishaSchoorlemmer@fleckens.hu,06-82670723,4/24/1953,female,Traceir,An4Phon6Ai,""Showbiz Pizza Place"""
"Ciro,Goos,""Sommelsdijkstraat 44"",""1107 WE"",Amsterdam-Zuidoost,CiroGoos@dayrep.com,06-35902959,8/9/1934,male,Ripentople,Teex8ooLisah,""P. Samuels Men's Clothiers"""
"Benji,Huang,""Dennenlaan 56"",""5382 JV"",Vinkel,BenjiHuang@fleckens.hu,06-57349118,12/9/1944,male,Palwas,eiVah5ocei1,""The Great Train Stores"""
"Serdar,Heerema,""Grote Fliertweg 130"",""3792 NJ"",Achterveld,SerdarHeerema@gustr.com,06-88602766,9/4/1958,male,Thiparract,oomeLahn9,""Hugh M. Woods"""
"Aiman,Kennis,""Het Linschot 153"",""7627 ND"",Bornerbroek,AimanKennis@gustr.com,06-72153330,10/6/1968,male,Fectindides,ahCuu7Thei,""Beaver Lumber"""
"Djonno,Bijnen,""Kersenbongerd 128"",""6852 BK"",Huissen,DjonnoBijnen@rhyta.com,06-14619867,5/28/1964,male,Wifeephery1964,rau1Eimeis,""Central Hardware"""
"Desie,Hoen,""Duizendblad 2"",""5432 EC"",Cuijk,DesieHoen@jourrapide.com,06-39029460,5/12/1941,female,Unbut1941,Ohohdoo8ahb,""E-zhe Source"""
"Enrique,Lambrechts,""Zuiderzee 198"",""1503 HZ"",Zaandam,EnriqueLambrechts@rhyta.com,06-58542678,9/21/1988,male,Entriank,Eange1RuY,""Kelsey's Neighbourhood Bar & Grill"""
"Myron,Hovens,""Leliestraat 176"",""5741 XW"",""Beek en Donk"",MyronHovens@einrot.com,06-48106967,3/18/1991,female,Herever,Teidoh7oh,""Foreman & Clark"""
"Svea,Kahraman,""Lijndraaier 7"",""1625 ZJ"",Hoorn,SveaKahraman@rhyta.com,06-72332305,7/12/1991,female,Beldess,yaiyeiXae2,Grodins"
"Marlie,Poorthuis,""J. Wiemersstraat 149"",""9103 NJ"",Dokkum,MarliePoorthuis@fleckens.hu,06-49019569,7/30/1965,female,Worlse,eib1IeF6u,""S&W Cafeteria"""
"Marij,""van der Horst"",""Helling 22"",""5861 AA"",Wanssum,MarijvanderHorst@dayrep.com,06-54940932,9/16/1952,female,Faciabove,shaiZoo9b,""Super Place"""
"Yannic,""van Maarseveen"",""Coendershaag 4"",""9722 LS"",Groningen,YannicvanMaarseveen@rhyta.com,06-73967582,3/7/1973,male,Lareflot,ooLucaem4,d.e.m.o."
"Frederique,""van der Hijden"",""Dahliastraat 124"",""7531 DN"",Enschede,FrederiquevanderHijden@fleckens.hu,06-98212123,2/27/1965,female,Sceenbal,uo4quideS,Isaly's"
"Roméo,Blaauw,""De Drink 67"",""5961 RA"",Horst,RomeoBlaauw@cuvox.de,06-93439068,8/14/1942,male,Craight,ieY9ee4iefae,""Licorice Pizza"""
"Cherise,Hup,""Zadelmakerstraat 100"",""6921 JC"",Duiven,CheriseHup@superrito.com,06-45567514,10/8/1954,female,Shater,nah6ieFeen7,""Realty Depot"""
"Sonay,Uçar,""Hamelbergstraat 81"",""6611 KM"",Overasselt,SonayUcar@dayrep.com,06-30406846,1/7/1983,female,Bress1983,ufeejah6Qu,""Ernst Home Centers"""
"Marloe,Egging,""Emmakade 191"",""2411 JE"",Bodegraven,MarloeEgging@armyspy.com,06-35738793,4/4/1952,female,Tignark,feih4Ohvuu,Sportmart"
"Shahin,""van de Linde"",""Pieter Cornelis Boutenssingel 69"",""2902 BH"",""Capelle aan den IJssel"",ShahinvandeLinde@fleckens.hu,06-87830076,1/20/1978,male,Thrainater1978,oy9IPh4aith,Furrow's"
"Nazia,Jongen,""Juliana van Stolberglaan 76"",""3051 CC"",Rotterdam,NaziaJongen@fleckens.hu,06-43638130,8/6/1947,female,Theorgy,veegh5Kat,""Envirotecture Design Service"""
"Romaissae,Berben,""De Steeg 182"",""6921 AL"",Duiven,RomaissaeBerben@fleckens.hu,06-51417006,4/12/1944,female,Dideentele,roh3aeZ0oo,Jacobs"
"Su,Nooij,""Oranje Nassaustraat 40"",""5246 XR"",Rosmalen,SuNooij@jourrapide.com,06-45799659,1/10/1956,female,Sentais,zaiXaix1,""Noodle Kidoodle"""
"Myrna,Trines,""Zonnestraal 82"",""1704 ZC"",Heerhugowaard,MyrnaTrines@einrot.com,06-74519531,4/2/1998,female,Dremples,ohkaeLaeth8V,Fayva"
"Hüseyin,""van Asseldonk"",""Turnhoutlaan 64"",""5628 RJ"",Eindhoven,HuseyinvanAsseldonk@gustr.com,06-44903142,8/13/1995,male,Aftervare,Yee6nei7hai,""Shabby Chic"""
"Chemène,Rekker,""Mozartlaan 152"",""5384 CG"",Heesch,ChemeneRekker@jourrapide.com,06-60284499,9/22/1934,female,Capposeend,dengain7O,""Jack Lang"""
"Dorus,""ter Meulen"",""Plataanstraat 101"",""4726 BW"",Heerle,DorusterMeulen@jourrapide.com,06-21060611,9/27/1953,male,Prewn1953,pae9Dooroh,""Full Color"""
"Gertjan,Turan,""Essenburg 162"",""2402 KP"",""Alphen aan den Rijn"",GertjanTuran@dayrep.com,06-53862662,5/6/1950,male,Belptly,ohahKeex4,Netobill"
"Jaïro,Moens,""Mandenmakerspad 7"",""1033 ZT"",Amsterdam,JairoMoens@einrot.com,06-76072631,8/10/1999,male,Ofeent,MahcheiT0th,""Ernst Home Centers"""
"Jannik,Hogeboom,""Planetenstraat 78"",""6543 VW"",Nijmegen,JannikHogeboom@einrot.com,06-81210871,11/28/1947,male,Iver1947,shae9ame0Kah,HomeBase"
"Ceren,Landkroon,""Leliestraat 178"",""2431 XT"",Noorden,CerenLandkroon@teleworm.us,06-12731037,6/10/1944,female,Intelf,Hu1aeta8thoh,""Smitty's Marketplace"""
"Dewi,Korthout,""Pijnappelsche Poort 153"",""5211 RA"",s-Hertogenbosch,DewiKorthout@rhyta.com,06-65879680,1/3/1985,female,Regave,pieCaij5Il0,Purity"
"Bobby,Muntinga,""Burgemeester de Kievietstraat 86"",""1111 GP"",Diemen,BobbyMuntinga@rhyta.com,06-80136223,6/1/1970,male,Theireve70,ug4Ix3ai,""Wickes Furniture"""
"Karwan,Horsthuis,""Dirck Uytenboogaertstraat 45"",""3331 ES"",Zwijndrecht,KarwanHorsthuis@rhyta.com,06-35338851,12/11/1965,male,Widee1965,eik0eeCoe,""Shoe Pavilion"""
"Jairzinho,Doornenbal,""Plantage 62"",""3155 AX"",Maasland,JairzinhoDoornenbal@teleworm.us,06-23081662,7/13/1934,male,Excleciall34,ecareeY0ah,Beatties"
"Fatin,Tolenaars,""Welhoeksedijk 163"",""3191 LD"",Hoogvliet,FatinTolenaars@armyspy.com,06-56396877,5/3/1975,female,Whal1975,Oogee1aeHah,Coconut's"
"Harmanna,""de Rijk"",""Struisgrasstraat 21"",""1032 LE"",Amsterdam,HarmannadeRijk@armyspy.com,06-74503936,12/16/1999,female,Widef1999,ooY9mahlei,""Argus Tapes & Records"""
"Bing,""van der Haas"",""De Berken 139"",""9945 PT"",Wagenborgen,BingvanderHaas@einrot.com,06-16023092,2/14/1997,male,Unfinamess,eigh9ooX2ae,""Little Folk Shops"""
"Aouatif,Koemans,""Oliemolen 100"",""7751 DV"",Dalen,AouatifKoemans@teleworm.us,06-34184605,6/30/1973,female,Newded,eeWu8thie,""Just For Feet"""
"Xynthia,Holl,""De Bouw 174"",""1611 JG"",Bovenkarspel,XynthiaHoll@cuvox.de,06-92105824,11/28/1971,female,Hists1971,iegh7Tei,""Big D Supermarkets"""
"Mattis,Buijsen,""Herculesstraat 124"",""1076 SP"",Amsterdam,MattisBuijsen@teleworm.us,06-54332146,8/10/1948,male,Hich1948,Quofohvi2ie,""Rogersound Labs"""
"Abdelhadi,Pennings,""Kerkstraat 44"",""7135 JL"",Harreveld,AbdelhadiPennings@rhyta.com,06-97035534,6/10/1983,male,Flut1983,Xiech8Phool,""Shoe Town"""
"Mea,Kaya,""Vijfde Rompert 100"",""5233 EJ"",s-Hertogenbosch,MeaKaya@armyspy.com,06-37514412,11/25/1980,female,Trithe,ceeG2ahno,""Jitney Jungle"""
"Carole,Verwaal,""Burgemeester Fockema Andreaelaan 192"",""3582 KA"",Utrecht,CaroleVerwaal@gustr.com,06-25413467,7/13/1987,female,Suspe1987,pi7nei7Ai,""Alladin's Lamp"""
"Beate,Donders,""Generaal Foulkesweg 30"",""6703 DD"",Wageningen,BeateDonders@cuvox.de,06-70531662,8/15/1989,female,Sniters,Eiphie2wie,""Carl Durfees"""
"Hakim,Michielse,""Weissenbruchstraat 115"",""4703 JX"",Roosendaal,HakimMichielse@armyspy.com,06-23680080,4/20/1971,male,Tatied,mei0faBie,""Brown Derby"""
"Rim,Zuiderveld,""Holleweg 81"",""3829 MB"",Hooglanderveen,RimZuiderveld@dayrep.com,06-51072741,6/25/1943,male,Wastrid,aYuuY0tahn,""Universal Design Partners"""
"Frederike,Smink,""Nieuweweg 158"",""8051 EB"",Hattem,FrederikeSmink@gustr.com,06-20753919,8/3/1994,female,Sureence,ugahK9oh,""Destiny Realty Solutions"""
"Josef,Bongaerts,""Saenredamlaan 197"",""1701 MD"",Heerhugowaard,JosefBongaerts@einrot.com,06-40442509,8/17/1979,male,Gooders,eseif1Ya,""Realty Zone"""
"Faizel,Barendrecht,""Heemraadssingel 3"",""3022 CE"",Rotterdam,FaizelBarendrecht@jourrapide.com,06-90223953,8/11/1954,male,Shopean54,neX2eQuai3Tah,Thorofare"
"Romario,Krom,""Acaciadreef 182"",""2631 GE"",Nootdorp,RomarioKrom@dayrep.com,06-68319592,10/8/1942,male,Fout1942,Phei7wiehoh,""Seamans Furniture"""
"Philipp,Ruijgrok,""Schoneveld 171"",""4511 HT"",Breskens,PhilippRuijgrok@einrot.com,06-17990668,3/19/1986,male,Hakis1986,oe3phaiTh1,""Greenwich IGA"""
